unique_id,date_of_birth,surgery_date,follow_up_days,number_of_psa_measurements,patient_folder_path
B41_p0001,1936-02-12,2008-02-17,2922,12,B41/B41_p0001
B41_p0002,1960-02-11,2009-01-25,5478,18,B41/B41_p0002
B41_p0003,1938-08-31,2008-01-14,2922,13,B41/B41_p0003
B41_p0004,1958-07-10,2006-12-07,6574,23,B41/B41_p0004
B41_p0005,1956-10-30,2007-06-19,6209,22,B41/B41_p0005
B41_p0006,1929-09-05,2005-01-16,2556,11,B41/B41_p0006
B41_p0008,1958-08-04,2009-04-19,1826,10,B41/B41_p0008
B41_p0010,1953-08-21,2008-07-13,5844,21,B41/B41_p0010
B41_p0011,1943-08-06,2007-11-15,6209,20,B41/B41_p0011
B41_p0013,1949-08-29,2005-11-19,6939,21,B41/B41_p0013
B41_p0014,1932-04-23,2008-01-19,1095,8,B41/B41_p0014
B41_p0016,1952-09-13,2008-05-20,5844,18,B41/B41_p0016
B41_p0017,1956-08-17,2005-02-18,6574,22,B41/B41_p0017
B41_p0018,1939-04-06,2009-09-09,5478,20,B41/B41_p0018
B41_p0019,1960-01-13,2006-05-15,6574,23,B41/B41_p0019
B41_p0022,1933-02-05,2008-03-16,1095,7,B41/B41_p0022
B41_p0023,1949-01-12,2009-02-16,2556,12,B41/B41_p0023
B41_p0024,1938-11-02,2008-01-05,5844,21,B41/B41_p0024
B41_p0025,1939-01-30,2005-09-29,6939,24,B41/B41_p0025
B41_p0026,1957-09-27,2008-02-09,3287,12,B41/B41_p0026
B41_p0027,1950-02-18,2008-06-05,2556,10,B41/B41_p0027
B41_p0028,1940-04-17,2009-04-05,2191,11,B41/B41_p0028
B41_p0029,1954-06-20,2009-01-09,2922,11,B41/B41_p0029
B41_p0030,1952-01-21,2008-09-01,5844,19,B41/B41_p0030
B41_p0031,1948-10-05,2007-12-05,6209,20,B41/B41_p0031
B41_p0032,1954-04-30,2006-06-01,6574,22,B41/B41_p0032
B41_p0034,1961-02-05,2006-12-03,6574,22,B41/B41_p0034
B41_p0035,1955-04-23,2008-02-18,5844,21,B41/B41_p0035
B41_p0036,1961-03-01,2006-04-06,6574,21,B41/B41_p0036
B41_p0037,1943-11-30,2008-12-29,5844,19,B41/B41_p0037
B41_p0038,1959-04-08,2006-04-23,2556,11,B41/B41_p0038
B41_p0039,1944-02-04,2005-06-04,6939,23,B41/B41_p0039
B41_p0040,1939-11-29,2006-08-03,1826,10,B41/B41_p0040
B41_p0041,1936-12-19,2005-10-07,6939,23,B41/B41_p0041
B41_p0042,1947-12-02,2008-04-04,5844,19,B41/B41_p0042
B41_p0043,1948-11-08,2009-06-04,5113,19,B41/B41_p0043
B41_p0044,1957-12-16,2006-02-03,1826,10,B41/B41_p0044
B41_p0045,1948-06-09,2007-01-05,2191,10,B41/B41_p0045
B41_p0046,1938-06-01,2005-04-30,2922,13,B41/B41_p0046
B41_p0047,1959-01-06,2005-07-30,6939,24,B41/B41_p0047
B41_p0048,1953-12-17,2009-02-09,5478,20,B41/B41_p0048
B41_p0051,1955-02-27,2006-06-03,6574,23,B41/B41_p0051
B41_p0052,1948-11-03,2008-01-13,2556,11,B41/B41_p0052
B41_p0053,1952-05-29,2006-01-20,6574,21,B41/B41_p0053
B41_p0054,1934-04-28,2006-06-05,6574,22,B41/B41_p0054
B41_p0056,1936-09-28,2007-07-06,6209,21,B41/B41_p0056
B41_p0057,1958-08-31,2005-07-29,2922,13,B41/B41_p0057
B41_p0058,1964-08-02,2009-09-18,3287,14,B41/B41_p0058
B41_p0059,1957-07-21,2009-10-14,2556,11,B41/B41_p0059
B41_p0061,1947-06-14,2007-10-01,6209,19,B41/B41_p0061
B41_p0062,1952-10-16,2009-11-15,2191,9,B41/B41_p0062
B41_p0063,1961-08-10,2007-02-25,6209,21,B41/B41_p0063
B41_p0064,1931-11-18,2006-07-07,6574,23,B41/B41_p0064
B41_p0065,1947-08-27,2006-08-17,6574,22,B41/B41_p0065
B41_p0066,1938-05-07,2009-02-14,2191,10,B41/B41_p0066
B41_p0067,1948-11-02,2009-01-20,5478,20,B41/B41_p0067
B41_p0069,1951-10-15,2006-02-02,2191,10,B41/B41_p0069
B41_p0070,1939-07-08,2008-04-10,1826,10,B41/B41_p0070
B41_p0071,1954-02-21,2009-03-21,1826,10,B41/B41_p0071
B41_p0072,1947-08-07,2008-04-20,5844,20,B41/B41_p0072
B41_p0073,1948-08-03,2009-10-22,5478,20,B41/B41_p0073
B41_p0074,1929-08-20,2005-05-06,1095,7,B41/B41_p0074
B41_p0075,1959-09-15,2009-10-19,5478,20,B41/B41_p0075
B41_p0076,1960-06-02,2008-05-12,5844,21,B41/B41_p0076
B41_p0078,1957-04-18,2009-11-10,1826,9,B41/B41_p0078
B41_p0079,1942-07-30,2006-05-29,6574,21,B41/B41_p0079
B41_p0080,1941-02-19,2005-04-01,2556,12,B41/B41_p0080
B41_p0082,1944-12-03,2008-09-17,5844,21,B41/B41_p0082
B41_p0083,1952-08-05,2007-12-16,2191,11,B41/B41_p0083
B41_p0084,1941-05-06,2008-10-12,1461,9,B41/B41_p0084
B41_p0085,1949-05-01,2006-07-07,2922,13,B41/B41_p0085
B41_p0086,1954-01-02,2008-08-23,2191,10,B41/B41_p0086
B41_p0087,1935-02-21,2009-03-29,5478,17,B41/B41_p0087
B41_p0089,1945-03-18,2005-01-29,2922,13,B41/B41_p0089
B41_p0090,1957-11-01,2005-08-02,2191,9,B41/B41_p0090
B41_p0091,1954-09-06,2007-11-12,6209,21,B41/B41_p0091
B41_p0092,1933-11-20,2006-12-25,2191,11,B41/B41_p0092
B41_p0093,1952-11-17,2007-02-05,2556,12,B41/B41_p0093
B41_p0094,1946-09-19,2009-09-13,5478,20,B41/B41_p0094
B41_p0095,1941-10-22,2006-09-21,6574,23,B41/B41_p0095
B41_p0096,1962-01-22,2007-12-29,6209,21,B41/B41_p0096
B41_p0098,1947-03-11,2009-08-10,5478,20,B41/B41_p0098
B41_p0099,1960-07-23,2008-09-29,5844,19,B41/B41_p0099
B41_p0100,1958-05-12,2006-07-05,6574,22,B41/B41_p0100
B41_p0101,1946-12-22,2009-03-10,5478,18,B41/B41_p0101
B41_p0103,1951-09-16,2006-07-21,1461,9,B41/B41_p0103
B41_p0104,1953-10-07,2009-01-18,2922,13,B41/B41_p0104
B41_p0105,1936-03-18,2008-07-31,2556,12,B41/B41_p0105
B41_p0106,1954-09-11,2007-10-07,1826,10,B41/B41_p0106
B41_p0107,1936-01-07,2007-05-27,6209,21,B41/B41_p0107
B41_p0108,1959-10-23,2005-04-10,6939,23,B41/B41_p0108
B41_p0109,1959-06-17,2009-05-08,5478,20,B41/B41_p0109
B41_p0110,1955-11-17,2006-06-30,6574,21,B41/B41_p0110
B41_p0112,1940-07-10,2008-02-13,5844,20,B41/B41_p0112
B41_p0113,1963-01-06,2008-03-03,1826,10,B41/B41_p0113
B41_p0114,1935-09-11,2008-11-25,5844,21,B41/B41_p0114
B41_p0115,1961-07-27,2008-02-01,2922,13,B41/B41_p0115
B41_p0116,1958-07-10,2008-02-15,5844,19,B41/B41_p0116
B41_p0117,1959-04-25,2005-09-28,6939,23,B41/B41_p0117
B41_p0118,1934-01-06,2007-01-26,6209,20,B41/B41_p0118
B41_p0119,1955-01-29,2007-01-12,6209,21,B41/B41_p0119
