study_id,patient_id,date_of_birth,surgery_date,psa_value,psa_date,unique_id
B41,76,1960-06-02,2008-05-12,0.03,2008-07-11,B41_p0076
B41,76,1960-06-02,2008-05-12,0.03,2008-09-10,B41_p0076
B41,76,1960-06-02,2008-05-12,0.01,2008-11-10,B41_p0076
B41,76,1960-06-02,2008-05-12,0.03,2009-01-10,B41_p0076
B41,76,1960-06-02,2008-05-12,0.03,2009-03-12,B41_p0076
B41,76,1960-06-02,2008-05-12,0.01,2009-05-12,B41_p0076
B41,76,1960-06-02,2008-05-12,0.03,2010-05-12,B41_p0076
B41,76,1960-06-02,2008-05-12,0.05,2011-05-12,B41_p0076
B41,76,1960-06-02,2008-05-12,0.01,2012-05-12,B41_p0076
B41,76,1960-06-02,2008-05-12,0.05,2013-05-12,B41_p0076
B41,76,1960-06-02,2008-05-12,0.01,2014-05-12,B41_p0076
B41,76,1960-06-02,2008-05-12,0.07,2015-05-12,B41_p0076
B41,76,1960-06-02,2008-05-12,0.01,2016-05-12,B41_p0076
B41,76,1960-06-02,2008-05-12,0.05,2017-05-12,B41_p0076
B41,76,1960-06-02,2008-05-12,0.02,2018-05-12,B41_p0076
B41,76,1960-06-02,2008-05-12,0.04,2019-05-12,B41_p0076
B41,76,1960-06-02,2008-05-12,0.06,2020-05-12,B41_p0076
B41,76,1960-06-02,2008-05-12,0.03,2021-05-12,B41_p0076
B41,76,1960-06-02,2008-05-12,0.07,2022-05-12,B41_p0076
B41,76,1960-06-02,2008-05-12,0.06,2023-05-12,B41_p0076
B41,76,1960-06-02,2008-05-12,0.01,2024-05-12,B41_p0076
